keys,pt_BR,en
ui.top.population,{0} famílias,{0} families
ui.top.date,{1} · dia {3}/{2} · ano {0},{1} · day {3}/{2} · year {0}
ui.top.winter_in,inverno em {0} d,winter in {0} d
ui.top.winter_now,inverno,winter
ui.top.simulating,Simulando… {0}%,Simulating… {0}%
ui.season.Spring,Primavera,Spring
ui.season.Summer,Verão,Summer
ui.season.Autumn,Outono,Autumn
ui.season.Winter,Inverno,Winter
ui.speed.pause,Pausa (Espaço),Pause (Space)
ui.speed.x,Velocidade {0}x (1–4),Speed {0}x (1–4)
ui.save,Salvar,Save
ui.load,Carregar,Load
ui.save.tooltip,Salvar rápido (F5),Quick save (F5)
ui.load.tooltip,Carregar rápido (F9),Quick load (F9)
ui.bottom.families,Famílias,Families
ui.bottom.policies,Decretos,Decrees
ui.bottom.debug,Debug,Debug
ui.bottom.build,Construir:,Build:
ui.build.tooltip,"{0}
Custo: {1}
Obra: {2} dias de trabalho (1 família)
O material vai do armazém até a obra pelos carregadores
R gira · Shift mantém · botão direito cancela","{0}
Cost: {1}
Build time: {2} work days (1 family)
Carriers bring the materials from storage to the site
R rotates · Shift keeps · right click cancels"
ui.resource.tooltip,"{0}: {1}
Produção: +{2}/dia
Consumo: −{3}/dia
{4}","{0}: {1}
Production: +{2}/day
Consumption: −{3}/day
{4}"
ui.resource.lasts,Dura ~{0} dias no ritmo atual,Lasts ~{0} days at the current rate
ui.resource.stable,Estoque estável ou subindo,Stock stable or rising
ui.close,Fechar (Esc),Close (Esc)
ui.alert.go,Ir,Go
ui.alert.dismiss,Dispensar,Dismiss
objective.title,Próximo objetivo ({0}/{1}),Next goal ({0}/{1})
objective.carriers,"Designe 2 carregadores: selecione o Salão e use Designar ({0}/2). Eles levam material às obras e a produção ao armazém.","Assign 2 carriers: select the Hall and use Assign ({0}/2). They take materials to sites and goods to storage."
objective.houses,"Construa 3 casas ({0}/3). Famílias sem trabalho ajudam nas obras sozinhas.","Build 3 houses ({0}/3). Jobless families help on building sites by themselves."
objective.field,"Construa um campo e coloque 2 famílias nele ({0}/2). A colheita vem na troca de estação.","Build a field and put 2 families on it ({0}/2). The harvest comes when the season changes."
objective.woodcutter,"Construa um lenhador e coloque uma família nele.","Build a woodcutter and put a family on it."
objective.firewood,"Junte lenha para o inverno: {0}/{1}. No lenhador, troque a receita para Rachar lenha.","Gather firewood for winter: {0}/{1}. At the woodcutter, switch the recipe to Split firewood."
objective.decree,"Crie um decreto (P): o reeve cuida de um recurso sozinho entre um mínimo e um máximo.","Issue a decree (P): the reeve keeps a resource between a minimum and a maximum by himself."
objective.granary,"Construa um celeiro perto dos campos (mais espaço e caminhos mais curtos).","Build a granary near the fields (more room and shorter trips)."
objective.tools,"Ferramentas se desgastam: construa uma pedreira e um ferreiro.","Tools wear out: build a quarry and a smithy."
objective.winter,"Sobreviva ao primeiro inverno.","Survive the first winter."
objective.grow,"A vila está de pé. Cresça: mais casas, estradas e decretos para o que você repete.","The village stands. Grow: more houses, roads and decrees for what you keep repeating."
ui.scale,UI {0}%,UI {0}%
ui.scale.capped,UI {0}% (pediu {1}%: janela pequena),UI {0}% (asked {1}%: small window)
ui.scale.tooltip,"Escala da interface (80%–150%). Clique para mudar · Ctrl+= / Ctrl+- também.","Interface scale (80%–150%). Click to change · Ctrl+= / Ctrl+- too."
alert.food_out,Comida acaba em ~{0} dias,Food runs out in ~{0} days
alert.food_low,Comida para ~{0} dias,Food for ~{0} days
alert.firewood_winter,Pouca lenha ({0}) — inverno em {1} dias,Low firewood ({0}) — winter in {1} days
alert.deadlock,Economia travada: nada é produzido nem transportado,Economy stalled: nothing produced or hauled
alert.site_no_material,Obra de {0} parada: falta {1} no armazém,{0} site stopped: no {1} in storage
alert.site_no_carriers,Obra de {0} parada: ninguém carregando material,{0} site stopped: nobody hauling materials
alert.ca_over,"Reeve sobrecarregado ({0}/{1} de CA): decretos atrasam e falham — desligue um (P)","Reeve overloaded ({0}/{1} AC): decrees are late and fail — turn one off (P)"
ui.top.ca,CA {0}/{1},AC {0}/{1}
ui.top.ca.tooltip,"Capacidade Administrativa: quanto o reeve consegue governar (escrivães, pergaminhos, o salão do senhor).
Cada decreto ativo usa CA. Acima do limite, ele atrasa e erra.","Administrative capacity: how much the reeve can govern (scribes, parchments, the lord's hall).
Each active decree uses AC. Above the limit he is late and makes mistakes."
suggestion.title,💡 O reeve sugere,💡 The reeve suggests
suggestion.why,"Você colocou famílias para produzir {0} {1} vezes quando o estoque estava em ~{2}.","You put families to produce {0} {1} times when the stock was around {2}."
suggestion.what,"Decreto: manter {0} entre {1} e {2}","Decree: keep {0} between {1} and {2}"
suggestion.winter,"(o mínimo foi aumentado para cobrir metade do inverno)","(the minimum was raised to cover half the winter)"
suggestion.cost,"Custo: {0} de Capacidade Administrativa ({1}/{2} em uso hoje)","Cost: {0} administrative capacity ({1}/{2} in use today)"
suggestion.lose,"Você deixa de: escolher quem produz {0}. O reeve move até {1} famílias; as que você designou ele não toca.","You give up: choosing who makes {0}. The reeve moves up to {1} families; he never touches the ones you assigned."
suggestion.accept,Criar decreto,Issue decree
suggestion.later,Agora não,Not now
suggestion.never,Nunca,Never
alert.hunger,Família {0} com fome há {1} dias,{0} family hungry for {1} days
building.status.construction,● Em obra: {0}/{1} dias de trabalho,● Under construction: {0}/{1} work days
building.materials,Material na obra:,Materials on site:
building.material_line,   {0}: {1}/{2}{3},   {0}: {1}/{2}{3}
building.material_incoming, ({0} a caminho), ({0} on the way)
building.builders,Construtores ({0}/{1}) — famílias sem trabalho ajudam sozinhas,Builders ({0}/{1}) — jobless families help on their own
building.site.no_material,Parada: falta {0} no armazém,Stopped: no {0} in storage
building.site.no_carriers,Parada: ninguém carregando material — designe carregadores no Salão ou no Celeiro,Stopped: nobody hauling materials — assign carriers at the Hall or a Granary
building.site.no_builders,Parada: sem construtores — libere uma família ou designe uma aqui,Stopped: no builders — free a family or assign one here
building.site.waiting,Aguardando o material que está a caminho,Waiting for materials on the way
building.status.no_workers,● Parado: sem trabalhadores,● Idle: no workers
building.status.off_season,● Fora de estação (trabalho na primavera/verão),● Out of season (work in spring/summer)
building.status.no_input,● Parado: sem {2} — os carregadores trazem do armazém,● Idle: no {2} — carriers bring it from storage
building.inputs,Insumos (os carregadores repõem):,Inputs (carriers refill them):
building.status.full,● Parado: estoque cheio — precisa de carregadores,● Idle: stock full — needs carriers
building.status.working,● Funcionando,● Working
building.status.ok,● Pronto,● Ready
building.produces,Produz:,Produces:
building.stock,Estoque {0}/{1},Stock {0}/{1}
building.harvest,Colheita prevista: ~{0},Expected harvest: ~{0}
building.residents,Moradores ({0}/{1}): {2},Residents ({0}/{1}): {2}
building.workers,Trabalhadores ({0}/{1}),Workers ({0}/{1})
building.carriers,Carregadores ({0}/{1}),Carriers ({0}/{1})
building.slot_free,(vaga livre),(free slot)
building.remove,Remover,Remove
building.assign,Designar,Assign
building.cancel,Cancelar obra (material volta ao armazém),Cancel construction (materials go back to storage)
building.no_job,sem emprego,unemployed
source.player,manual,manual
source.policy,decreto do reeve,reeve's decree
source.free,livre,free
families.title,Famílias,Families
families.row,"{0} ({1}) — {2} · {3}","{0} ({1}) — {2} · {3}"
families.detail,ferramenta {0}% · produtividade {1}%{2},tools {0}% · productivity {1}%{2}
families.hunger, · fome {0}d, · hungry {0}d
families.cold, · frio {0}d, · cold {0}d
families.homeless, · sem casa, · homeless
state.Working,trabalhando,working
state.Hauling,carregando,hauling
state.Subsisting,subsistência,subsisting
state.Building,construindo,building
families.time,trajeto {0}% do turno · tempo livre {1} h · horta +{2} comida/dia,commute {0}% of the shift · free time {1} h · garden +{2} food/day
families.time.tooltip,"Quem mora longe do trabalho perde parte do turno andando e tem menos tempo livre para a horta. Casa mais perto ou estrada resolvem.","Living far from work costs part of the shift walking and leaves less free time for the garden. A closer house or a road fixes it."
building.commute,Trajeto: {0}% do turno andando (ida e volta),Commute: {0}% of the shift walking (round trip)
building.commute.hint,"Famílias que moram longe produzem menos aqui. Construa casas perto ou uma estrada até aqui.","Families living far away produce less here. Build houses nearby or a road to here."
ui.build.road,Estrada,Road
ui.build.road.tooltip,"Estrada: arraste para traçar (em L) · Ctrl+arrastar remove · {0} pedra por célula
Na estrada anda-se mais rápido: menos tempo de trajeto e carregadores mais ágeis","Road: drag to lay (L-shaped) · Ctrl+drag removes · {0} stone per cell
Walking is faster on roads: shorter commutes and quicker carriers"
policies.title,Decretos do reeve,The reeve's decrees
policies.keep,Manter,Keep
policies.between,entre,between
policies.and,e,and
policies.create,Criar,Create
policies.row,#{0} Manter {1} entre ({2} CA),#{0} Keep {1} between ({2} AC)
policies.create.tooltip,"Abaixo do mínimo o reeve põe famílias para produzir; acima do máximo ele as libera; entre os dois não mexe em nada.","Below the minimum the reeve puts families to produce it; above the maximum he frees them; in between he does nothing."
policies.min.tooltip,Mínimo: abaixo disso o reeve recruta uma família por dia,Minimum: below it the reeve recruits one family per day
policies.max.tooltip,Máximo: acima disso o reeve libera uma família por dia,Maximum: above it the reeve frees one family per day
policies.remove,Revogar decreto,Revoke decree
policies.state.disabled,Pausado,Paused
policies.state.recruiting,"{0} {1} abaixo do mínimo {2}: recrutando uma família por dia","{0} {1} below the minimum {2}: recruiting one family per day"
policies.state.releasing,"{0} {1} acima do máximo {3}: liberando uma família por dia","{0} {1} above the maximum {3}: freeing one family per day"
policies.state.in_band,"{0} {1} dentro da faixa ({2}–{3}): nada a fazer","{0} {1} inside the band ({2}–{3}): nothing to do"
policies.state.above_max,"{0} {1} acima do máximo {3}: nenhuma família minha para liberar","{0} {1} above the maximum {3}: no family of mine to free"
policies.state.blocked_max,"{0} {1} abaixo do mínimo {2}, mas já uso o máximo de famílias","{0} {1} below the minimum {2}, but I already use the most families allowed"
policies.state.blocked_no_slot,"{0} {1} abaixo do mínimo {2}, mas não há vaga produtiva — construa um produtor","{0} {1} below the minimum {2}, but there is no free job — build a producer"
policies.state.overloaded,"{0} {1}: o reeve está sobrecarregado e deixou para depois","{0} {1}: the reeve is overloaded and put it off"
policies.ca,"Capacidade Administrativa: {0}/{1} em uso{2}","Administrative capacity: {0}/{1} in use{2}"
policies.ca.over," — sobrecarregado: ele atrasa e erra. Desligue um decreto."," — overloaded: he is late and makes mistakes. Turn a decree off."
policies.state.blocked_no_household,"{0} {1} abaixo do mínimo {2}, mas não há família disponível","{0} {1} below the minimum {2}, but no family is available"
log.created,Decreto criado: manter {0} entre {1} e {2},Decree issued: keep {0} between {1} and {2}
log.band_changed,Decreto alterado: manter {0} entre {1} e {2},Decree changed: keep {0} between {1} and {2}
log.recipe_changed,{0} passou a fazer {1},{0} switched to {1}
log.recruited,Família {0} → {1}{2}: {3} {4} abaixo do mínimo {5},{0} family → {1}{2}: {3} {4} below the minimum {5}
log.released,Família {0} liberada de {1}: {2} {3} acima do máximo {4},{0} family freed from {1}: {2} {3} above the maximum {4}
log.blocked_max,"{0} {1} abaixo do mínimo {2}, mas já uso o máximo de {3} famílias","{0} {1} below the minimum {2}, but I already use the maximum of {3} families"
log.blocked_no_slot,"{0} {1} abaixo do mínimo {2}, mas não há vaga produtiva para {0}","{0} {1} below the minimum {2}, but there is no free job for {0}"
log.overloaded,"Sobrecarregado ({2}/{3} de CA): deixei {0} {1} para depois","Overloaded ({2}/{3} AC): I put off {0} {1}"
log.blocked_no_household,"{0} {1} abaixo do mínimo {2}, mas não há família disponível","{0} {1} below the minimum {2}, but no family is available"
policies.enabled,Ativo (desligado não usa CA),Active (off uses no AC)
policies.log,Livro de contas do reeve,The reeve's account book
debug.title,Debug (dev),Debug (dev)
debug.flows,Fluxos por recurso (último dia · média 30 dias),Flows per resource (last day · 30-day average)
debug.col.resource,Recurso,Resource
debug.col.prod,Prod/dia,Prod/day
debug.col.cons,Cons/dia,Cons/day
debug.col.prod30,Prod 30d,Prod 30d
debug.col.cons30,Cons 30d,Cons 30d
debug.col.stored,Armazém,Storage
debug.col.local,Local,Local
debug.col.transit,Trânsito,Transit
debug.chart,Gráfico (último ano):,Chart (last year):
debug.advance,Avançar,Advance
debug.years,anos,years
debug.advance_button,Avançar (headless),Advance (headless)
debug.hash,Hash do estado,State hash
debug.new_game,Novo jogo,New game
debug.status,Tick {0} · {1} cargas em trânsito · economia parada há {2} dias · deadlock: {3},Tick {0} · {1} loads in transit · economy idle for {2} days · deadlock: {3}
debug.yes,SIM,YES
debug.no,não,no
debug.series.stock,Armazém,Storage
debug.series.prod,Produção/dia,Production/day
debug.series.cons,Consumo/dia,Consumption/day
debug.max,máx {0},max {0}
event.rejected,Não foi possível: {0},Not possible: {0}
event.left,A família {0} foi embora ({1}),The {0} family left ({1})
event.completed,{0} concluído,{0} finished
